user,abc,3,4
admin,password,1,1
admin,password,1,1
admin,password,1,1
admin,password,1,1
admin,password,1,1
ljrfdjflajfsdf,KWK,45,5
admin,password,1,1
admin,password,1,1
adf,GKLXJV,45,6
admin,password,1,1
admin,password,1,1
admin,password,1,1
admin,password,1,1
admin,password,1,1
admin,password,1,1
admin,password,1,1
admin,password,1,1
admin,password,1,1
asdfasdf,ENTEGNTGNT,3,4
admin,password,1,1
asddfasd,SFDMSDFMS,3,3
admin,password,1,1
admin,password,1,1
admin,password,1,1
admin,password,1,1
admin,password,1,1
admin,password,1,1
admin,password,1,1
admin,password,1,1
admin,password,1,1
admin,password,1,1
admin,password,1,1
admin,password,1,1
admin,password,1,1
